<?xml version="1.0" encoding="UTF-8"?>
<!-- $Id: sablona-bp.xml,v 1.3 2006/04/22 09:47:36 jkj Exp $ -->
<!DOCTYPE book PUBLIC "-//OASIS//DTD DocBook XML V4.3//EN"
"http://www.oasis-open.org/docbook/xml/4.3/docbookx.dtd">
<book lang="sk">
  <bookinfo>
    <title>Vizualizácia konfigurácie systému na správu identít</title>

    <subtitle>Bakalárska práca</subtitle>

    <author>
      <firstname>Ľuboš</firstname>

      <surname>Štefunko</surname>

      <affiliation>
        <orgname>Slovenská technická univerzita v&nbsp;Bratislave</orgname>

        <orgdiv role="fakulta">Fakulta informatiky a informačných technológií</orgdiv>

        <orgdiv role="zadanie">FIIT-XXXX-XXXX</orgdiv>
      </affiliation>
    </author>

    <othername role="veduci">Mgr. Pavol Mederly, PhD.</othername>

    <pubdate>December 2015</pubdate>

    <abstract>
      <title>Anotácia</title>
	  <para>Slovenská technická univerzita v Bratislave<?linebreak?>
	  FAKULTA INFORMATIKY A INFORMAČNÝCH TECHNOLÓGIÍ<?linebreak?>
	  Študijný program: Informatika<?linebreak?>
	  Autor: Ľuboš Štefunko<?linebreak?>
	  Bakalárska práca: Vizualizácia konfigurácie systému na správu identít<?linebreak?>
	  Vedúci bakalárskej práce: Mgr. Pavol Mederly, PhD.<?linebreak?>
	  December, 2015</para>
      <para>Cieľom tejto časti bakalárskeho projektu, je zavedenie terminológie používanej v práci
	  a vysvetlenie princípov, na ktorých pracujú systémy na spravovanie identít, dátové transformácie,
	  ETL nástroje a ich možné použitie v dnešnej dobe pri vizualizácii dátových transformácií za účelom
	  funkcie identity provisioning, teda vytvorenia a spravovania používateľských účtov, skupín a 
	  organizácií. Keďže je konfigurácia systémových nastavení dátových mapovaní v rozsiahlejšom
	  organizačnom systéme veľmi zložitá na pochopenie a jej úprava alebo oprava by trvala určitý čas,
	  bude tento nástroj slúžiť na zefektívnenie a zjednodušenie procesu. Pomocou týchto princípov je
	  v časti návrh riešenia, v projekte navrhnuté možné riešenie pre vytvorenie vyššie uvedeného nástroja.
	  </para>
    </abstract>

    <abstract lang="en">
      <title>Annotation</title>
	  <para>Slovak University of Technology Bratislava<?linebreak?>
	  FACULTY OF INFORMATICS AND INFORMATION TECHNOLOGIES<?linebreak?>
	  Degree Course: Informatics<?linebreak?>
	  Author: Ľuboš Štefunko<?linebreak?>
	  Bachelor Thesis: Visualization of Identity Management System Configuration<?linebreak?>
	  Supervisor: Mgr. Pavol Mederly, PhD.<?linebreak?>
	  December, 2015</para>
      <para>The aim of this part of the bachelor's project is introducing to the terminology used in the
	  text and clarification of principles, on which identity management systems, data transformations,
	  ETL tools work and their potential use in nowadays, dealing with visualization of data
	  transformations in order to make the identity provisioning function work, meaning the creating and
	  managing users accounts, groups and organizations. Since the configuration of system settings of
	  data mappings in wider organizational system is very complicated to understand and its adjustment or
	  correction would took certain time, this tool will serve to increase the effectivity and
	  simplification of the process. With the help of these principles, there is, in the part called
	  suggestion of solution in the project, possible solution of creating higher mentioned tool.</para>
    </abstract>

    <abstract>
      <title>Poďakovanie</title>

      <para>Chcel by som sa poďakovať vedúcemu bakalárskeho projektu Mgr. Pavlovi Mederlymu, PhD. za
	  odborné rady, pomoc a konzultácie, ktorými ma usmerňoval. Taktiež by som sa rád poďakoval mojej
	  rodine a priateľom za podporu a pochopenie.</para>
    </abstract>
  </bookinfo>

  <chapter>
	<title>Úvod</title>

    <para>V dnešnej dobe, kedy je spoločnosť informaticky centralizovaná po všetkých stránkach, sa množstvo
	firiem, spoločností a inštitúcií v rámci uchovávania informácií o svojich zákazníkoch, pracovníkoch,
	produktoch alebo službách a celkovej organizácii práce, venuje tvorbe vlastných aplikácií, napr.
	informáčných systémov. Počet informačných systémov a zložitejších aplikácií, ktoré potrebujú pre
	prístup určité údaje o používateľovi, týmto spôsobom rapídne stúpa a tým sa zvyšuje aj dopyt po
	jednoduchom a rýchlom presune informácií medzi jednotlivými systémami v prípade nutnosti registrácie
	do viacerých systémov s rovnakými údajmi o entite, ktorá sa má evidovať. V takom prípade sa v minulosti
	museli zavádzať tieto údaje pri registrácii ručne, čo bolo veľmi neefektívne pri registrácii viacerých
	používateľov aplikácií. Z toho dôvodu začal vznikať softvér na spravovanie identít (IdM - Systém na
	spravovanie identít), ktorého hlavná úloha bola zefektívniť tento proces. Avšak každá aplikácia má inú
	šablónu registračného formuláru a teda vyžaduje inú extrakciu dát o používateľovi. Používanie tohto
	softvéru je priamo závislé od tzv. dátových transformácií alebo dátového mapovania údajov, ktoré
	zabezpečuje správne "mapovanie" alebo presun údajov o používateľovi medzi jednotlivými aplikáciami. 
	Tento proces je veľmi náročný na pochopenie a v prípade, že nastane nejaká porucha pri mapovaní, napr.
	zlé nastavenie konfigurácie konkrétneho mapovania do určitého cieľového systému, je možnosť opravy
	poruchy komplikovaná záležitosť. Len samotné zorientovanie sa v kóde je časovo náročný proces. Z toho
	dôvodu sa začali postupne zavádzať grafické nástroje pre vizualizáciu týchto mapovaní. 
	<citation>EVOLVEUM</citation></para>

	<para>Cieľom tohto projektu je návrh a overenie nového grafického nástroja na vizualizáciu dátových
	transformácií, používaných vo funkcii identity provisioning systému na spravovanie identít, so
	zameraním na zvýšenú efektívnosť, jednoduchosť a možnosť upravovania dátového mapovania priamo pomocou
	tohto nástroja.</para>

	<para>Práca je v rámci prvej časti bakalárskeho projektu rozdelená na 2 hlavné časti: Analýza problému
	a Návrh riešenia.</para>
  </chapter>

  <chapter>
	<title>Analýza problému</title>

    <para>V tejto kapitole sa zameriavam na analýzu súčasného stavu používania systémov na správu identít,
	ktoré obsahujú alebo používajú grafický nástroj na spracovanie dátových mapovaní. Cieľom analýzy je
	zistenie možností zlepšenia, či už vo vizualizačnej časti nástrojov, alebo vo funkcionálnej. Kapitoly
	2.1 Systém na spravovanie identít a prístupov - IdM a 2.2 Dátová integrácia obsahujú potrebnú
	terminológiu a popis pre pochopenie podstaty princípov, na ktorých pracujú IdM systémy.</para>

	<section>
	  <title>Systém na spravovanie identít a prístupov - IdM</title>

	  <para>Podľa vedeckého článku <emphasis>Identity management: Setting context</emphasis> 
	  <citation>pato2003identity</citation> je systém na spravovanie identít definovaný následovne: </para>

	  <para><quote>Systém na spravovanie identít je súhrn procesov, nástrojov a sociálnych dohôd
	  obklopujúcich vytvorenie, spravovanie a ukončenie digitálnej identity ľudí alebo, všeobecnejšie
	  povedané, systémov a služieb na pridelenie bezpečnostného prístupu k rozšírenému súboru systémov
	  a aplikácií.</quote></para>
		
	  <para>Teda slúži na spracovanie informácií o určitej entite, ktoré sú následne uložené v databázi
	  systému a je možné ich použiť v rôznych funkciách IdM systému, napr. pri vytvorení účtu v inej
	  aplikácii.</para>

	  <section>
	    <title>Princíp digitálnej identity</title>

		<para>V dnešnej dobe, kedy sa vedie evidencia o každej entite elektronicky, vznikajú tzv.
		digitálne identity. Digitálna identita je elektronická forma určitej entity, či už konkrétneho
		človeka, organizácie, alebo služby, ktorá pozostáva z určitých atribútov, ako sú, napr. pri
		človeku, meno, priezvisko, adresa, a pod.. <citation>pato2003identity</citation>.
		<xref linkend="obr.1"/> naznačuje jej princíp:
		  <figure id="obr.1">
		    <title>Princíp digitálnej identity</title>
		    <mediaobject>
		    <imageobject>
		    <imagedata fileref="pdi.png" format="PNG" scale="25"/>
		    </imageobject>
		    </mediaobject>
		  </figure>
		</para>
	  </section>
	  
	  <section>
	    <title>Funkcie IdM</title>

		<para>Hlavnou funkciou všetkých systémov na správu identít je integrácia systémov do jedného celku,
		aby nevznikali problémy s nekonzistenciou dát a synchronizáciou údajov alebo atribútov digitálnych
		identít, uložených v IdM repository - databázi systému. Taktiež poskytujú overovanie údajov
		spojených so zabezpečením, napr. zadávanie hesla, poskytovanie právomocí a podobne. Medzi ďalšie
		funkcie patria:
		  <itemizedlist>
			<listitem>
			  <para><emphasis>Provisioning a deprovisioning</emphasis> - Systém na spravovanie identít
			  dokáže vytvoriť, spravovať a rušiť používateľské účty, skupiny, organizácie a podobne.
			  Funguje na princípe Single Sign-on, čo znamená, že sa stačí zaregistrovať iba raz do
			  hlavného systému a následné vytváranie účtov v iných systémoch je automatizované s použitím
			  údajov v databáze.</para>
			</listitem>
			<listitem>
			  <para><emphasis>Auditing</emphasis> - Je možné sledovať vytvorenie, spracovávanie informácií
			  a údajov použitých pri vytváraní, poúživanie účtu a zrušenie účtu používateľa.</para>
			</listitem>
			<listitem>
			  <para><emphasis>Synchronizácia</emphasis> - Systém je schopný synchronizovať údaje o
			  používateľovi v rámci viacerých databáz každého systému, v ktorom má používateľ účet.
			  Údaje budú vždy aktualizované.</para>
			</listitem>
			<listitem>
			  <para><emphasis>Prístupové oprávnenia podľa rol - RBAC</emphasis> - Používateľ dostane určité
			  práva po pridelení konkrétnej role v organizácii. <citation>EVOLVEUM</citation> 
			  <citation>pato2003identity</citation></para>
			</listitem>
		  </itemizedlist>
		</para>
	  </section>
	</section>
	
	<section>
	  <title>Dátová integrácia</title>

	  <para>Pre používanie IdM systému, musí byť zabezpečený určitý stupeň dátovej integrácie. Dátová
	  integrácia predstavuje kombináciu údajov z rôznych heterogénnych dátových modelov, z viacerých
	  zdrojových databáz systémov. Tieto databázy môžu mať rôzne schémy a dátové modely. Preto údaje,
	  uložené v týchto databázach môžu byť nekonzistentné, nesynchronizované a pri ich získavaní môžu
	  vytvárať problémy s duplikáciou. Hlavnou úlohou dátovej integrácie je v podstate globálny pohľad na
	  jednotlivé databázy, zjednotenie údajov každej z nich a ich zdieľanie, bez vyššie uvedených
	  problémov. Na presun dát medzi databázami, sa používajú nástroje ETL (Extract - Transform - Load),
	  ktoré zabezpečujú dátové transformácie. <citation>5010292</citation> 
	  <citation>lenzerini2002data</citation></para>

	  <section>
	    <title>Dátový model</title>

		<para>Dátový model reprezentuje dátovú štruktúru resp. formu, v akej sa ukladajú informácie o
		digitálnej identite. Jednotlivé dátové elementy predstavujú vlastnosti nejakej entity. Slúži na
		štandardizáciu údajov v systémových databázach pre ich bezproblémové a homogénne získavanie a
		poskytovanie.</para>
	  </section>
	  
	  <section>
	    <title>Dátové transformácie</title>

		<para>Dátové transformácie alebo mapovanie je mechanizmus, pomocou ktorého sa vlastnosti určitej
		digitálnej identity zo zdrojového (source) systému alebo aplikácie pretransformujú prostredníctvom
		skrípt, výrazov, priamych odkazov na premenné, a podobne, a vzniknú nové identifikačné vlastnosti
		rovnakej identity v cielovom (target) systéme alebo aplikácii. Jednou z najdôležitejších funkcií
		mapovania je práve jednoduchá synchronizácia údajov, z dôvodu pracovania iba s obrazom uložených
		dát. Čo znamená, že v prípade zmeny dát v hlavnom zdroji informácii sa odzrkadlí v ostatných
		systémoch a taktiež sa zmenia údaje aj v ich databázach. Základný princíp dátovej transformácie -
		mapovania je vysvetlený na <xref linkend="obr.2"/>:
		  <figure id="obr.2">
		    <title>Príklad jednoduchej dátovej transformácie</title>
		    <mediaobject>
		    <imageobject>
		    <imagedata fileref="datamapping.png" format="PNG" scale="60"/>
		    </imageobject>
		    </mediaobject>
		  </figure>
		Podľa tohoto príkladu sa dajú priamo identifikovať hlavné zložky mapovania:
		  <itemizedlist>
			<listitem>
			  <para><emphasis>Zdroj</emphasis> - táto časť definuje vstupné parametre alebo údaje, ktoré
			  sa majú pretransformovať a použiť v cieľovom systéme, napr. číslo zamestnanca - "1234".
			  </para>
			</listitem>
			<listitem>
			  <para><emphasis>Výrazy</emphasis> - časť zaoberajúca sa konkrétnou zmenou alebo
			  transformáciou vstupných údajov zo zdrojovej časti. Obsahuje logickú časť celého procesu -
			  je hlavnou funkciou mapovacieho procesu. Napr. po obdržaní čísla zamestnanca "1234" sa
			  pomocou skriptovacieho jazyka Groovy pripojí k číslu označenie <quote>emp#</quote>.</para>
			</listitem>
			<listitem>
			  <para><emphasis>Cieľ</emphasis> - časť zaoberajúca sa spracovaním pretransformovaných údajov.
			  Zabezpečenie správneho uloženia informácií. Napr. vznikutý reťazec sa v cieľovom systéme
			  uloží do atribútu description ako <quote>emp#1234</quote>. <citation>EVOLVEUM</citation>
			  </para>
			</listitem>
		  </itemizedlist>
		</para>
	  </section>
	</section>
	
	<section>
	  <title>Grafické nástroje na spracovanie dátových transformácií</title>

	  <para>Hlavný problém stále zostáva: Ako efektívne vizualizovať samotné dátové transformácie medzi
	  heterogénnymi databázami systémov? Dátové modely jednotlivých databáz majú rôzny formát, ale
	  obsahujú informácie o objektoch, ktoré sú potrebné ako vstupný parameter pre každý grafický nástroj.
	  Pri hľadaní grafických nástrojov v oblasti identity provisioning som sa sústredil na IdM systémy
	  rozpracované na stránke <ulink url="https://compare.evolveum.com/">https://compare.evolveum.com/
	  </ulink> - CzechIDM, OpenIAM IDM, ForgeRock OpenIDM, Apache Syncope. Ďalší z grafických nástrojov
	  na vizualizáciu dátových mapovaní nie je určený priamo pre identity provisioning, ale zaoberá sa
	  podobnou problematikou - dátovou integráciou, a preto som ho zaradil do práce - Altova MapForce.
	  </para>

	  <section>
	    <title>CzechIDM</title>

		<para>Grafický nástroj je zabudovaný priamo v systéme na správu identít. <xref linkend="obr.3"/>
		ukazuje možné nastavenia dátového mapovania:
		  <figure id="obr.3">
		    <title>Grafické rozhranie systému CzechIDM</title>
		    <mediaobject>
		    <imageobject>
		    <imagedata fileref="czechidm.png" format="PNG" scale="45"/>
		    </imageobject>
		    </mediaobject>
		  </figure>
		Z obrázku môžeme vyčítať, že ide o typ graficky jednoduchšieho editoru, poskytujúceho možnosť
		prenesenia hodnoty pôvodného atribútu zo zdrojového systému alebo prepísanie tohto atribútu
		konštantou. Pri ponechaní pôvodného atribútu máte na výber konkrétny atribút zo zdrojového systému.
		Pri zadaní novej konštanty, zadáte hodnotu priamo na miesto, kde by sa mal vyskytovať výber
		atribútu a v ďalších dvoch kolonkách zadáte dátový typ atribútu a štýl jeho uloženia.</para>
	  </section>
	  
	  <section>
	    <title>OpenIAM</title>

		<para>Rovnako ako u CzechIDM je grafický nástroj zabudovaný v systéme a takisto pôsobí na prvý
		pohľad len ako jednoduchší editor. Na <xref linkend="obr.4"/> vidíme dátové mapovanie použité v
		IdM systéme OpenIAM:
		  <figure id="obr.4">
		    <title>Grafické rozhranie systému OpenIAM</title>
		    <mediaobject>
		    <imageobject>
		    <imagedata fileref="openiam.png" format="PNG" scale="58"/>
		    </imageobject>
		    </mediaobject>
		  </figure>
		Toto rozhranie nám poskytuje približne také možnosti ako CzechIDM. V ľavom rohu môžeme vyberať
		objekt, ktorému chceme upraviť atribút pri mapovaní. Z ďalších stĺpcov zisťujeme, že môžeme
		konkrétnu hodnotu buď získať z iného atribútu momentálne manažovaného systému, alebo napísať novú
		a určiť jej typ.</para>
	  </section>
	  
	  <section>
	    <title>OpenIDM</title>

		<para>V grafickom nástroji OpenIDM vznikla nová možnosť definovania dátového mapovania. Je rovnako
		použitý priamo v systéme a jeho grafické rozhranie je znázornené na <xref linkend="obr.5"/>:
		  <figure id="obr.5">
		    <title>Grafické rozhranie systému OpenIDM</title>
		    <mediaobject>
		    <imageobject>
		    <imagedata fileref="openidm.png" format="PNG" scale="50"/>
		    </imageobject>
		    </mediaobject>
		  </figure>
		Vo vrchnej časti stránky sa zvolí zdrojový systém na ľavej strane a na pravej strane sa zvolí
		cieľový systém. Nižšie sa sprístupnia atribúty entity, opäť na ľavej strane zo zdrojového systému
		a napravo od nich atribúty entity z ceiľového systému. Prvýkrát sa používa špeciálna kolonka s
		názvom Transform Script, ktorá zabezpečuje konkrétne zmeny mapovania údajov, ktoré môžeme meniť
		podľa možných funkcií. Pre ukážku je zobrazená funkcia source.split(","). Táto funkcia rozdelí
		role zo zdrojového systému podľa čiarok a uloží ich do cieľového systému.</para>
	  </section>
	  
	  <section>
	    <title>Apache Syncope</title>

		<para>Podobne ako u všetkých ostatných nástrojov na dátové mapovanie, je aj tento použitý priamo v
		systéme. Pričom z <xref linkend="obr.6"/> môžeme vidieť, že poskytuje mapovanie v štýle 1:1, aspoň
		pri dátovom mapovaní používateľov medzi systémami:
		  <figure id="obr.6">
		    <title>Grafické rozhranie systému Apache Syncope</title>
		    <mediaobject>
		    <imageobject>
		    <imagedata fileref="apachesyncope.png" format="PNG" scale="50"/>
		    </imageobject>
		    </mediaobject>
		  </figure>
		</para>
	  </section>
	  
	  <section>
	    <title>Altova Map Force</title>

		<para>Aj keď nerieši priamo problém identity provisioning, jeho grafické rozhranie nie je vôbec
		podobné predchádzajúcim. Na <xref linkend="obr.7"/> je viditeľné, prečo. Predstavme si prvý box z
		ľavej strany ako zdrojový systém a časť Person ako zamestnanca, ktorého údaje chceme namapovať do
		cieľového systému, čo by bol v našom príklade box s názvom MarketingExpenses. Pomocou šípiek
		vidíme priame mapovanie jednotlivých údajov presne na určené miesto. Dokonca môžeme vidieť aj
		určité dátové transformácie, ktoré sú znázornené v boxoch medzi systémami.
		  <figure id="obr.7">
		    <title>Grafické rozhranie systému Altova MapForce</title>
		    <mediaobject>
		    <imageobject>
		    <imagedata fileref="altovamapforce.png" format="PNG" scale="60"/>
		    </imageobject>
		    </mediaobject>
		  </figure>
		</para>
	  </section>
	</section>
  </chapter>
  
  <chapter>
    <title>Návrh riešenia</title>
	
	<para>Po spustení aplikácie sa používateľovi zobrazí okno s možným vybratím XML konfiguračnej schémy.
	Používateľ vyberie konkrétny súbor, ktorý chce nechať spracovať. Celé okno sa rozdelí na 2 časti. Na
	ľavej strane obrazovky č.1 sa vytvoria Boxy s názvami zdrojových systémov napísanými v položkách
	Source. Na pravej strane obrazovky č.1 sa pod sebou zobrazia Boxy s názvami cieľových systémov, ktoré
	budú mať v hlavičke názov v položke Target. Každý Box bude pre prehľad obsahovať vlastnosti entity,
	ktorá sa bude spracovávať v zdrojovej časti, v prípade viacerých entít bude tento Box taktiež rozdelený
	na časti. Zdrojové systémy budú prepojené s cieľovými systémami podľa konkrétnych mapovaní jednou
	priamkou, ktorá bude rozklikateľná. Po rozkliknutí sa na obrazovke č.2 sprístupnia nové možnosti. V
	hornej časti bude možnosť vybrania si z mapovaní, použítých v tomto procese. Po vybratí jedného
	konkrétneho mapovania sa v kolonke vstupy zobrazia vstupné parametre, ktoré boli použité pri mapovaní.
	Táto kolonka bude obsahovať všetky vlastnosti, spracovávanej entity a tie budú zaklikateľné podľa toho
	či ich chceme použiť v danom mapovaní. V kolonke výstup bude takisto možnosť vybratia si z vlastností
	cieľovej entity, kam by sa mali dáta namapovať. Pod kolonkami bude konkrétne mapovanie popísané vo
	funkcii v editovateľnom móde. A nakoniec 2 tlačítka na uloženie mapovania alebo vrátenie sa späť. Na
	<xref linkend="obr.8"/> je zobrazené možné grafické rozhranie pre aplikáciu:
	  <figure id="obr.8">
		<title>Grafické rozhranie aplikácie</title>
		<mediaobject>
		<imageobject>
		<imagedata fileref="aplikaciaGUI.png" format="PNG" scale="40"/>
		</imageobject>
		</mediaobject>
	  </figure>
	</para>
  </chapter>
  
  <chapter>
    <title>Záver</title>
	
	<para>V priebehu Januára plánujem kompletizáciu časti Analýza problému do finálneho stavu. Kapitolu
	návrh riešenia budem upravovať priebežne pri tvorbe aplikácie v rámci letného semestra. Takisto
	doplním zvyšné časti bakalárskeho projektu v priebehu letného semestra. Odhadujem, že aplikácia by
	mala byť hotová už na začiatku Apríla.</para>
  </chapter>

  <appendix>
    <title>Zoznam obrázkov</title>

    <para>Zoznam obrázkov použitých v dokumente:
      <itemizedlist>
		<listitem>
		  <para><xref linkend="obr.1"/> - pdi.png</para>
	    </listitem>
	    <listitem>
		  <para><xref linkend="obr.2"/> - datamapping.png</para>
	    </listitem>
	    <listitem>
		  <para><xref linkend="obr.3"/> - czechidm.png</para>
	    </listitem>
		<listitem>
		  <para><xref linkend="obr.4"/> - openiam.png</para>
	    </listitem>
		<listitem>
		  <para><xref linkend="obr.5"/> - openidm.png</para>
	    </listitem>
		<listitem>
		  <para><xref linkend="obr.6"/> - apachesyncope.png</para>
	    </listitem>
		<listitem>
		  <para><xref linkend="obr.7"/> - altovamapforce.png</para>
	    </listitem>
		<listitem>
		  <para><xref linkend="obr.8"/> - aplikaciaGUI.png</para>
	    </listitem>
	  </itemizedlist>
	</para>
  </appendix>

  <bibliography>
    <title>Literatúra</title>

    <bibliomixed><abbrev>EVOLVEUM</abbrev>R. Semancik. <title>MidPoint - Identity Manager</title>.
    <bibliomisc>Dostupný z&nbsp;WWW: <ulink
    url="https://wiki.evolveum.com/display/midPoint/Home"></ulink></bibliomisc></bibliomixed>
	
	<bibliomixed><abbrev>pato2003identity</abbrev>J. Pato and O. C. Center. 
	<title>Identity management: Setting context</title>. Hewlett-Packard, Cambridge, MA, 2003.
	</bibliomixed>
	
	<bibliomixed><abbrev>lenzerini2002data</abbrev>M. Lenzerini. <title>Data integration:
	A theoretical perspective</title>. Proceedings of the twenty-first ACM SIGMOD-SIGACT-SIGART
	symposium on Principles of database systems, pages 233-246. ACM, 2002</bibliomixed>
	
	<bibliomixed><abbrev>5010292</abbrev>U. Dayal and H.-Y. Hwang. <title>View Definition
	and Generalization for Database Integration in a Multidatabase System</title>. Software
	Engineering, IEEE Transactions on, SE-10(6):628-645, Nov 1984.</bibliomixed>
  </bibliography>
</book>