<?xml version='1.0' encoding='utf-8'?>
<!DOCTYPE hibernate-configuration PUBLIC
        "-//Hibernate/Hibernate Configuration DTD 3.0//EN"
        "http://www.hibernate.org/dtd/hibernate-configuration-3.0.dtd">

<hibernate-configuration>

    <session-factory>

        <!-- Database connection settings -->
        <property name="connection.driver_class">org.postgresql.Driver</property>
        <property name="connection.url">jdbc:postgresql://localhost:5432/DBS_VAVA_DB</property>
        <property name="connection.username">postgres</property>
        <property name="connection.password">postgres</property>

        <!-- JDBC connection pool (use the built-in) -->
        <property name="connection.pool_size">1</property>

        <!-- SQL dialect -->
        <property name="dialect">org.hibernate.dialect.PostgreSQLDialect</property>

        <!-- Disable the second-level cache  -->
        <property name="cache.provider_class">org.hibernate.cache.internal.NoCacheProvider</property>
        
		<property name="hibernate.current_session_context_class">org.hibernate.context.internal.ThreadLocalSessionContext</property>

        <!-- Echo all executed SQL to stdout -->
        <property name="show_sql">true</property>

        <!-- Drop and re-create the database schema on startup -->
        <!-- <property name="hbm2ddl.auto">create</property> -->

        <!-- Names the annotated entity class -->
        <mapping class="model.klient.Animal"/>
        <mapping class="model.klient.Block"/>
        <mapping class="model.klient.Building"/>
        <mapping class="model.klient.Employee"/>
        <mapping class="model.klient.Exhibit"/>

    </session-factory>

</hibernate-configuration>