<?xml version="1.0" encoding="UTF-8"?>
<?xml-stylesheet type="text/xsl" version="2.0" href="prezentaciaXHTML.xsl"?>

<!DOCTYPE prezentacia [
	<!ELEMENT prezentacia (slide+)>
	<!ELEMENT slide (titul,predmet?,autor?,datum?,rocnik?,text*,obrazok*)>
	<!ATTLIST slide typ (intro|outro|text|text_obrazok|obrazok) #REQUIRED
					id 	CDATA #REQUIRED>
	
	<!ELEMENT titul (#PCDATA)>
	<!ELEMENT predmet (#PCDATA)>
	<!ELEMENT autor (meno,priezvisko)>
	<!ELEMENT meno (#PCDATA)>
	<!ELEMENT priezvisko (#PCDATA)>
	<!ELEMENT datum (#PCDATA)>
	<!ELEMENT rocnik (#PCDATA)>
	
	<!ELEMENT text (odrazka+,zoznam*)>
	<!ELEMENT zoznam (kriterium?,odrazka+)>
	<!ELEMENT kriterium (#PCDATA)>
	<!ELEMENT odrazka (#PCDATA)>
	
	<!ELEMENT obrazok (zdroj,sirka,vyska)>
	<!ELEMENT zdroj ANY>
	<!ELEMENT sirka (#PCDATA)>
	<!ELEMENT vyska (#PCDATA)>
	
]>

<prezentacia>
	<slide typ="intro" id="1">
		<titul>Modelovanie DPS a elektronických obvodov pomocou počítačového softvéru CAD</titul>
		<predmet>Webové publikovanie</predmet>
		<autor>
			<meno>Ľuboš</meno>
			<priezvisko>Štefunko</priezvisko>
		</autor>
		<datum>12.05.2016</datum>
		<rocnik>3.ročník 6.semester</rocnik>
	</slide>
	
	<slide typ="text" id="2">
		<titul>Úvod</titul>
		<text>
			<odrazka>Ľudstvo sa snaží zjednodušovať si prácu a uľahčovať život - napr. vo výrobných 
			procesoch – tvorba strojov, pohyblivých pásov, montážnej linky a počítačov (CNC) => urýchlenie
			klasickej výroby => automatizácia</odrazka>
			<odrazka>Postupne rozvíjajúca sa informačná technológia - používanie počítačov na riadenie
			výrobných procesov => výhoda</odrazka>
			<odrazka>Použitie: v zdravotníctve, doprave, hospodárstve, ..., elektronike</odrazka>
		</text>
	</slide>
	
	<slide typ="text_obrazok" id="3">
		<titul>Elektronický obvod a DPS</titul>
		<text>
			<odrazka>Elektronický obvod – zoskupenie súčiastok spojených vodivými materiálmi za nejakým
			účelom</odrazka>
			<odrazka>DPS – Doska plošných spojov – prepojenie súčiastok pomocou vodivých ciest na
			laminátovej doske => úspornejšie a jednoduchšie zostrojenie elektronického obvodu</odrazka>
		</text>
		<obrazok>
			<zdroj>Plosny_spoj_s_SMD.png</zdroj>
			<sirka>679</sirka>
			<vyska>394</vyska>
		</obrazok>
	</slide>
	
	<slide typ="text_obrazok" id="4">
		<titul>Zostrojovanie el. obvodov a DPS ručne</titul>
		<text>
			<odrazka>časovo náročné, komplikované, overovanie správnosti navrhnutého obvodu sa prakticky
			takmer nedalo zistiť, presné prekresľovanie schém, ...</odrazka>
		</text>
		<obrazok>
			<zdroj>fotocestarucne.png</zdroj>
			<sirka>476</sirka>
			<vyska>698</vyska>
		</obrazok>
	</slide>
	
	<slide typ="text" id="5">
		<titul>Vznik CAD systémov</titul>
		<text>
			<odrazka>Doba informačnej technológie so sebou priniesla veľa výhod => jednou z nich sú CAD
			(Computer-aided design) programy</odrazka>
			<odrazka>Tieto programy umožnili dvoj- a troj- dimenzionálne grafické simulovanie rôznych
			objektov => efektivita výroby rapídne stúpla, skrátil sa čas potrebný na zostrojenie súčiastok
			a zmenšila sa chyba zapríčinená ľuďmi</odrazka>
			<odrazka>Tieto programy neboli zamerané len na odbor elektroniky</odrazka>
		</text>
	</slide>
	
	<slide typ="text" id="6">
		<titul>Rozdelenie CAD programov</titul>
		<text>
			<odrazka>CAD programy rozdeľujeme podľa 2 kritérií -</odrazka>
			<zoznam>
				<kriterium>Podľa rozhrania, v ktorom pracujú:</kriterium>
				<odrazka>2D</odrazka>
				<odrazka>3D</odrazka>
				<odrazka>Objemové</odrazka>
				<odrazka>Povrchové</odrazka>
			</zoznam>
			<zoznam>
				<kriterium>Podľa zamerania:</kriterium>
				<odrazka>strojárstvo – CAM(Computer-Aided Manufacturing), CAE(Computer-Aided Engineering)
				</odrazka>
				<odrazka>stavebníctvo / architektúra – AEC(Architecture-Engineering-Construction),
				BIM(Building Information Model), CAAD(Computer-Aided Architectural Design)</odrazka>
				<odrazka>potrubné systémy a technické zariadenia budov</odrazka>
				<odrazka>líniové a dopravné stavby</odrazka>
				<odrazka>správa nehnuteľností - FM(Facility Management)</odrazka>
				<odrazka>elektrotechnika – PCB(Printed Circuit Boards), EDA(Electronic Design Automation)
				</odrazka>
				<odrazka>územné plánovanie a geografia - GIS(Geographic Information Systems)</odrazka>
			</zoznam>
		</text>
	</slide>
	
	<slide typ="text_obrazok" id="7">
		<titul>Porovnanie ručnej výroby DPS a pomocou CAD programu z predošlého diagramu</titul>
		<text>
			<odrazka>kardinálny rozdiel v časovej náročnosti = menej časovo náročné, jednoduchšie,
			overovanie správnosti navrhnutého obvodu sa robí automaticky spustením simulácie, nepotrebnosť
			prekresľovania schém na presné parametre – stačí ich zadať a vytlačiť predlohu, ...</odrazka>
		</text>
		<obrazok>
			<zdroj>fotocestaCAD.png</zdroj>
			<sirka>734</sirka>
			<vyska>861</vyska>
		</obrazok>
	</slide>
	
	<slide typ="text" id="8">
		<titul>Najčastejšie používané CAD programy na Slovensku</titul>
		<text>
			<odrazka>Medzi najčastejšie používané CAD programy na Slovensku v odbore elektroniky patria:
			</odrazka>
			<zoznam>
				<odrazka>OrCAD</odrazka>
				<odrazka>Racal - Redac</odrazka>
				<odrazka>PCAD</odrazka>
				<odrazka>EAGLE</odrazka>
				<odrazka>AUTO/BOARD System</odrazka>
				<odrazka>EE designer</odrazka>
				<odrazka>Ferda Mravec</odrazka>
			</zoznam>
		</text>
	</slide>
	
	<slide typ="text_obrazok" id="9">
		<titul>Najčastejšie používané CAD programy v Českej republike - anketa</titul>
		<text>
			<odrazka>Najčastejšie používaný software na zostrojovanie DPS v Českej republike podľa ankety
			zo stránky: http://mcu.cz/forum/index.php/topic,2811.30.html</odrazka>
		</text>
		<obrazok>
			<zdroj>Anketa.png</zdroj>
			<sirka>616</sirka>
			<vyska>344</vyska>
		</obrazok>
	</slide>
	
	<slide typ="outro" id="10">
		<titul>Otázky</titul>
	</slide>
	
	<slide typ="outro" id="11">
		<titul>Ďakujem za pozornosť</titul>
	</slide>
</prezentacia>